-- Create Customers table
CREATE TABLE Customers (
    customer_id SERIAL PRIMARY KEY,
    customer_name VARCHAR(100) NOT NULL,
    email VARCHAR(100) NOT NULL,
    phone VARCHAR(35) NOT NULL
);
 
insert into customers (customer_id, customer_name, email, phone) values (1, 'Saudra Adacot', 'sadacot0@artisteer.com', '+961 220 418 2027');
insert into customers (customer_id, customer_name, email, phone) values (2, 'Michell Readshaw', 'mreadshaw1@edublogs.org', '+7 251 760 5790');
insert into customers (customer_id, customer_name, email, phone) values (3, 'Dulcea Vero', 'dvero2@cisco.com', '+33 433 997 0992');
insert into customers (customer_id, customer_name, email, phone) values (4, 'Pru Montilla', 'pmontilla3@netlog.com', '+33 417 253 9936');
insert into customers (customer_id, customer_name, email, phone) values (5, 'Dorotea McElvogue', 'dmcelvogue4@delicious.com', '+86 881 365 4878');
insert into customers (customer_id, customer_name, email, phone) values (6, 'Audie Cream', 'acream5@tiny.cc', '+86 325 243 6695');
insert into customers (customer_id, customer_name, email, phone) values (7, 'Ly Crufts', 'lcrufts6@berkeley.edu', '+62 803 156 2452');
insert into customers (customer_id, customer_name, email, phone) values (8, 'Jayme Southcoat', 'jsouthcoat7@tmall.com', '+7 174 571 6728');
insert into customers (customer_id, customer_name, email, phone) values (9, 'Patricia Shitliff', 'pshitliff8@about.com', '+46 295 108 8648');
insert into customers (customer_id, customer_name, email, phone) values (10, 'Fred Pitway', 'fpitway9@comsenz.com', '+63 777 195 1297');
insert into customers (customer_id, customer_name, email, phone) values (11, 'Alicia Galgey', 'agalgeya@cbsnews.com', '+86 494 312 4406');
insert into customers (customer_id, customer_name, email, phone) values (12, 'Joella Bruinsma', 'jbruinsmab@wix.com', '+86 905 640 1738');
insert into customers (customer_id, customer_name, email, phone) values (13, 'Sioux de Savery', 'sdec@tmall.com', '+33 189 922 6019');
insert into customers (customer_id, customer_name, email, phone) values (14, 'Scarface Armytage', 'sarmytaged@bizjournals.com', '+51 288 420 3947');
insert into customers (customer_id, customer_name, email, phone) values (15, 'Dorette Marsters', 'dmarsterse@pagesperso-orange.fr', '+380 253 713 7222');
insert into customers (customer_id, customer_name, email, phone) values (16, 'Maxine Pilley', 'mpilleyf@google.co.uk', '+81 893 621 2041');
insert into customers (customer_id, customer_name, email, phone) values (17, 'Giuseppe Garthshore', 'ggarthshoreg@51.la', '+86 461 482 6718');
insert into customers (customer_id, customer_name, email, phone) values (18, 'Doralia Dollimore', 'ddollimoreh@google.co.uk', '+48 167 384 7803');
insert into customers (customer_id, customer_name, email, phone) values (19, 'Astrix Nemchinov', 'anemchinovi@gnu.org', '+86 807 594 4057');
insert into customers (customer_id, customer_name, email, phone) values (20, 'Muire Shervington', 'mshervingtonj@cbc.ca', '+7 377 374 4366');
insert into customers (customer_id, customer_name, email, phone) values (21, 'Nat Cowtherd', 'ncowtherdk@ftc.gov', '+62 313 510 1622');
insert into customers (customer_id, customer_name, email, phone) values (22, 'Leila Vedeshkin', 'lvedeshkinl@xrea.com', '+62 660 947 7334');
insert into customers (customer_id, customer_name, email, phone) values (23, 'Cyndy Cracoe', 'ccracoem@vistaprint.com', '+994 469 520 9001');
insert into customers (customer_id, customer_name, email, phone) values (24, 'Tonya Goosnell', 'tgoosnelln@prlog.org', '+48 323 963 7455');
insert into customers (customer_id, customer_name, email, phone) values (25, 'Andria McNirlan', 'amcnirlano@usnews.com', '+62 964 389 4665');
insert into customers (customer_id, customer_name, email, phone) values (26, 'Trixie Pendlington', 'tpendlingtonp@businessinsider.com', '+62 723 966 4379');
insert into customers (customer_id, customer_name, email, phone) values (27, 'Ingaborg Dudleston', 'idudlestonq@google.ca', '+86 395 668 2606');
insert into customers (customer_id, customer_name, email, phone) values (28, 'Alexia Dods', 'adodsr@joomla.org', '+62 292 957 2889');
insert into customers (customer_id, customer_name, email, phone) values (29, 'Bryna Yarnold', 'byarnolds@youtu.be', '+86 168 637 0785');
insert into customers (customer_id, customer_name, email, phone) values (30, 'Chadd Rouchy', 'crouchyt@clickbank.net', '+972 765 784 3559');
insert into customers (customer_id, customer_name, email, phone) values (31, 'Emory Eykelhof', 'eeykelhofu@springer.com', '+62 872 369 5891');
insert into customers (customer_id, customer_name, email, phone) values (32, 'Scott Dunnet', 'sdunnetv@goo.gl', '+86 768 962 1560');
insert into customers (customer_id, customer_name, email, phone) values (33, 'Cort Farrin', 'cfarrinw@youtube.com', '+46 848 110 0636');
insert into customers (customer_id, customer_name, email, phone) values (34, 'Hannah Posselow', 'hposselowx@statcounter.com', '+86 174 206 5848');
insert into customers (customer_id, customer_name, email, phone) values (35, 'Donnie Illing', 'dillingy@homestead.com', '+92 642 624 9738');
insert into customers (customer_id, customer_name, email, phone) values (36, 'Jolie Eads', 'jeadsz@artisteer.com', '+63 745 931 5785');
insert into customers (customer_id, customer_name, email, phone) values (37, 'Moira Matterdace', 'mmatterdace10@geocities.jp', '+86 728 585 7624');
insert into customers (customer_id, customer_name, email, phone) values (38, 'Francis Bourley', 'fbourley11@sbwire.com', '+86 956 431 8700');
insert into customers (customer_id, customer_name, email, phone) values (39, 'Sharon Corpes', 'scorpes12@xrea.com', '+237 431 842 1824');
insert into customers (customer_id, customer_name, email, phone) values (40, 'Katherina Gewer', 'kgewer13@bing.com', '+7 802 673 7237');
insert into customers (customer_id, customer_name, email, phone) values (41, 'Zelda Roberto', 'zroberto14@alexa.com', '+212 231 530 3218');
insert into customers (customer_id, customer_name, email, phone) values (42, 'April Conroy', 'aconroy15@fastcompany.com', '+55 990 104 1180');
insert into customers (customer_id, customer_name, email, phone) values (43, 'Salvatore Jowle', 'sjowle16@baidu.com', '+381 114 236 4039');
insert into customers (customer_id, customer_name, email, phone) values (44, 'Derron Pettican', 'dpettican17@mozilla.org', '+86 206 106 8554');
insert into customers (customer_id, customer_name, email, phone) values (45, 'Maryanna Williment', 'mwilliment18@irs.gov', '+86 175 320 1878');
insert into customers (customer_id, customer_name, email, phone) values (46, 'Elbertine Linbohm', 'elinbohm19@nbcnews.com', '+212 553 713 0616');
insert into customers (customer_id, customer_name, email, phone) values (47, 'Tonnie Verbeke', 'tverbeke1a@dell.com', '+54 274 689 6032');
insert into customers (customer_id, customer_name, email, phone) values (48, 'Axel Boshere', 'aboshere1b@lulu.com', '+7 340 301 3998');
insert into customers (customer_id, customer_name, email, phone) values (49, 'Earl Giacomozzo', 'egiacomozzo1c@slate.com', '+351 994 421 6368');
insert into customers (customer_id, customer_name, email, phone) values (50, 'Sergio Malinson', 'smalinson1d@newsvine.com', '+48 241 864 7656');
insert into customers (customer_id, customer_name, email, phone) values (51, 'Gustavo Oglesbee', 'goglesbee1e@homestead.com', '+55 597 891 4708');
insert into customers (customer_id, customer_name, email, phone) values (52, 'Abby Tunny', 'atunny1f@netvibes.com', '+249 834 909 4231');
insert into customers (customer_id, customer_name, email, phone) values (53, 'Mischa Levington', 'mlevington1g@sphinn.com', '+351 308 675 3165');
insert into customers (customer_id, customer_name, email, phone) values (54, 'Phillipp Faro', 'pfaro1h@wisc.edu', '+86 518 283 3003');
insert into customers (customer_id, customer_name, email, phone) values (55, 'Latashia McWhorter', 'lmcwhorter1i@pcworld.com', '+62 410 100 7577');
insert into customers (customer_id, customer_name, email, phone) values (56, 'Nonie Lyster', 'nlyster1j@npr.org', '+63 404 134 2741');
insert into customers (customer_id, customer_name, email, phone) values (57, 'Mariele Bentje', 'mbentje1k@people.com.cn', '+7 789 908 9365');
insert into customers (customer_id, customer_name, email, phone) values (58, 'Chelsey Latta', 'clatta1l@istockphoto.com', '+505 686 123 7204');
insert into customers (customer_id, customer_name, email, phone) values (59, 'Ibbie Malyon', 'imalyon1m@storify.com', '+48 604 124 1474');
insert into customers (customer_id, customer_name, email, phone) values (60, 'Kris Brabender', 'kbrabender1n@addtoany.com', '+46 953 837 0264');
insert into customers (customer_id, customer_name, email, phone) values (61, 'Kakalina Vaun', 'kvaun1o@edublogs.org', '+86 807 859 7328');
insert into customers (customer_id, customer_name, email, phone) values (62, 'Dulci Riseam', 'driseam1p@istockphoto.com', '+502 702 526 3157');
insert into customers (customer_id, customer_name, email, phone) values (63, 'Terrel Garralts', 'tgarralts1q@ebay.co.uk', '+1 912 654 0317');
insert into customers (customer_id, customer_name, email, phone) values (64, 'Krystal Gaffey', 'kgaffey1r@delicious.com', '+86 141 875 7638');
insert into customers (customer_id, customer_name, email, phone) values (65, 'Sioux Oakton', 'soakton1s@latimes.com', '+55 965 552 7556');
insert into customers (customer_id, customer_name, email, phone) values (66, 'Marabel Beckitt', 'mbeckitt1t@scribd.com', '+48 700 664 2037');
insert into customers (customer_id, customer_name, email, phone) values (67, 'Annalise Alvaro', 'aalvaro1u@naver.com', '+46 181 719 2700');
insert into customers (customer_id, customer_name, email, phone) values (68, 'Rafferty Mickleburgh', 'rmickleburgh1v@symantec.com', '+63 690 196 5198');
insert into customers (customer_id, customer_name, email, phone) values (69, 'Teddie Bellenie', 'tbellenie1w@amazonaws.com', '+387 839 758 0214');
insert into customers (customer_id, customer_name, email, phone) values (70, 'Titus Rosenfield', 'trosenfield1x@google.ru', '+39 666 245 0946');
insert into customers (customer_id, customer_name, email, phone) values (71, 'Darwin Fearnall', 'dfearnall1y@4shared.com', '+48 703 300 2355');
insert into customers (customer_id, customer_name, email, phone) values (72, 'Justus Blewitt', 'jblewitt1z@thetimes.co.uk', '+212 826 947 8459');
insert into customers (customer_id, customer_name, email, phone) values (73, 'Cassey Kirtlan', 'ckirtlan20@icio.us', '+45 677 641 0403');
insert into customers (customer_id, customer_name, email, phone) values (74, 'Jarvis Rajchert', 'jrajchert21@disqus.com', '+86 296 460 7759');
insert into customers (customer_id, customer_name, email, phone) values (75, 'Quinn Wilcott', 'qwilcott22@cafepress.com', '+55 814 144 6189');
insert into customers (customer_id, customer_name, email, phone) values (76, 'Royal Haldene', 'rhaldene23@gnu.org', '+86 102 490 4331');
insert into customers (customer_id, customer_name, email, phone) values (77, 'Myra Prevett', 'mprevett24@gnu.org', '+381 932 491 5758');
insert into customers (customer_id, customer_name, email, phone) values (78, 'Dalis Burder', 'dburder25@slashdot.org', '+62 729 257 2091');
insert into customers (customer_id, customer_name, email, phone) values (79, 'Silvie Brack', 'sbrack26@cnn.com', '+380 403 726 6258');
insert into customers (customer_id, customer_name, email, phone) values (80, 'Gwyn Blatcher', 'gblatcher27@time.com', '+976 669 609 6404');
insert into customers (customer_id, customer_name, email, phone) values (81, 'Adi Fortye', 'afortye28@google.it', '+967 314 890 5670');
insert into customers (customer_id, customer_name, email, phone) values (82, 'Hiram Cobbold', 'hcobbold29@mashable.com', '+63 510 506 4512');
insert into customers (customer_id, customer_name, email, phone) values (83, 'Vinnie Iceton', 'viceton2a@cdbaby.com', '+55 698 345 0701');
insert into customers (customer_id, customer_name, email, phone) values (84, 'Germaine Plampeyn', 'gplampeyn2b@bizjournals.com', '+46 364 293 3736');
insert into customers (customer_id, customer_name, email, phone) values (85, 'Jaquenette Goodrich', 'jgoodrich2c@aboutads.info', '+63 274 503 3171');
insert into customers (customer_id, customer_name, email, phone) values (86, 'Dominga Beall', 'dbeall2d@aol.com', '+62 584 582 1210');
insert into customers (customer_id, customer_name, email, phone) values (87, 'Emlyn Gingle', 'egingle2e@arizona.edu', '+964 740 326 0056');
insert into customers (customer_id, customer_name, email, phone) values (88, 'Hendrika Everard', 'heverard2f@ow.ly', '+63 565 271 5097');
insert into customers (customer_id, customer_name, email, phone) values (89, 'Aaren Hoggetts', 'ahoggetts2g@vk.com', '+62 184 471 8945');
insert into customers (customer_id, customer_name, email, phone) values (90, 'Rowen Carles', 'rcarles2h@imageshack.us', '+62 167 654 5093');
insert into customers (customer_id, customer_name, email, phone) values (91, 'Catina Calder', 'ccalder2i@fda.gov', '+967 479 740 7773');
insert into customers (customer_id, customer_name, email, phone) values (92, 'Marlena Mion', 'mmion2j@usgs.gov', '+850 884 941 7168');
insert into customers (customer_id, customer_name, email, phone) values (93, 'Tybie Mundy', 'tmundy2k@google.fr', '+7 848 103 4484');
insert into customers (customer_id, customer_name, email, phone) values (94, 'Giovanna Orviss', 'gorviss2l@g.co', '+86 654 343 4848');
insert into customers (customer_id, customer_name, email, phone) values (95, 'Elyn Cramphorn', 'ecramphorn2m@bravesites.com', '+355 398 378 8831');
insert into customers (customer_id, customer_name, email, phone) values (96, 'Orv Bagenal', 'obagenal2n@mail.ru', '+62 879 916 2743');
insert into customers (customer_id, customer_name, email, phone) values (97, 'Upton Joscelyn', 'ujoscelyn2o@chron.com', '+212 843 722 6649');
insert into customers (customer_id, customer_name, email, phone) values (98, 'Vasili McAless', 'vmcaless2p@qq.com', '+86 724 238 8846');
insert into customers (customer_id, customer_name, email, phone) values (99, 'Shauna Nellis', 'snellis2q@1und1.de', '+381 585 246 8150');
insert into customers (customer_id, customer_name, email, phone) values (100, 'Arnie Wasmer', 'awasmer2r@bigcartel.com', '+86 542 648 6116');


Select*from customers;





-- Create Orders table
CREATE TABLE Orders (
    order_id SERIAL PRIMARY KEY,
    customer_id INT NOT NULL,
    product_id INT NOT NULL,
    order_date DATE NOT NULL,
    quantity INTEGER NOT NULL,
    delivery_status VARCHAR(25) NOT NULL,
    Foreign key (customer_id) REFERENCES customers(customer_id),
    Foreign key (product_id) REFERENCES products(product_id)
);
insert into orders (order_id, customer_id, product_id, order_date, quantity, delivery_status) values (1, 59, 64, '2022-01-16', 8, 'processing');
insert into orders (order_id, customer_id, product_id, order_date, quantity, delivery_status) values (2, 30, 62, '2023-02-13', 3, 'processing');
insert into orders (order_id, customer_id, product_id, order_date, quantity, delivery_status) values (3, 57, 30, '2023-04-15', 2, 'shipped');
insert into orders (order_id, customer_id, product_id, order_date, quantity, delivery_status) values (4, 36, 4, '2023-02-23', 1, 'shipped');
insert into orders (order_id, customer_id, product_id, order_date, quantity, delivery_status) values (5, 7, 12, '2022-10-12', 5, 'shipped');
insert into orders (order_id, customer_id, product_id, order_date, quantity, delivery_status) values (6, 24, 34, '2022-01-23', 7, 'shipped');
insert into orders (order_id, customer_id, product_id, order_date, quantity, delivery_status) values (7, 10, 77, '2022-01-23', 5, 'shipped');
insert into orders (order_id, customer_id, product_id, order_date, quantity, delivery_status) values (8, 20, 4, '2022-04-22', 7, 'processing');
insert into orders (order_id, customer_id, product_id, order_date, quantity, delivery_status) values (9, 44, 62, '2022-12-20', 3, 'shipped');
insert into orders (order_id, customer_id, product_id, order_date, quantity, delivery_status) values (10, 23, 45, '2023-05-31', 10, 'delivered');
insert into orders (order_id, customer_id, product_id, order_date, quantity, delivery_status) values (11, 3, 75, '2022-10-24', 7, 'processing');
insert into orders (order_id, customer_id, product_id, order_date, quantity, delivery_status) values (12, 54, 78, '2023-02-20', 9, 'processing');
insert into orders (order_id, customer_id, product_id, order_date, quantity, delivery_status) values (13, 44, 36, '2022-03-20', 7, 'processing');
insert into orders (order_id, customer_id, product_id, order_date, quantity, delivery_status) values (14, 44, 80, '2022-05-21', 8, 'processing');
insert into orders (order_id, customer_id, product_id, order_date, quantity, delivery_status) values (15, 51, 36, '2023-03-12', 8, 'processing');
insert into orders (order_id, customer_id, product_id, order_date, quantity, delivery_status) values (16, 30, 70, '2022-11-01', 1, 'shipped');
insert into orders (order_id, customer_id, product_id, order_date, quantity, delivery_status) values (17, 45, 65, '2022-03-28', 7, 'shipped');
insert into orders (order_id, customer_id, product_id, order_date, quantity, delivery_status) values (18, 22, 52, '2022-01-26', 1, 'shipped');
insert into orders (order_id, customer_id, product_id, order_date, quantity, delivery_status) values (19, 35, 10, '2022-07-10', 6, 'shipped');
insert into orders (order_id, customer_id, product_id, order_date, quantity, delivery_status) values (20, 35, 40, '2022-03-21', 8, 'processing');
insert into orders (order_id, customer_id, product_id, order_date, quantity, delivery_status) values (21, 59, 72, '2023-02-09', 6, 'processing');
insert into orders (order_id, customer_id, product_id, order_date, quantity, delivery_status) values (22, 37, 51, '2023-03-23', 9, 'processing');
insert into orders (order_id, customer_id, product_id, order_date, quantity, delivery_status) values (23, 9, 77, '2023-01-18', 7, 'shipped');
insert into orders (order_id, customer_id, product_id, order_date, quantity, delivery_status) values (24, 61, 76, '2022-05-21', 2, 'processing');
insert into orders (order_id, customer_id, product_id, order_date, quantity, delivery_status) values (25, 40, 31, '2022-10-24', 8, 'shipped');
insert into orders (order_id, customer_id, product_id, order_date, quantity, delivery_status) values (26, 58, 3, '2022-03-21', 7, 'processing');
insert into orders (order_id, customer_id, product_id, order_date, quantity, delivery_status) values (27, 62, 13, '2022-06-21', 8, 'delivered');
insert into orders (order_id, customer_id, product_id, order_date, quantity, delivery_status) values (28, 36, 60, '2023-01-03', 7, 'processing');
insert into orders (order_id, customer_id, product_id, order_date, quantity, delivery_status) values (29, 7, 66, '2022-12-15', 4, 'processing');
insert into orders (order_id, customer_id, product_id, order_date, quantity, delivery_status) values (30, 24, 23, '2022-05-08', 5, 'shipped');
insert into orders (order_id, customer_id, product_id, order_date, quantity, delivery_status) values (31, 34, 8, '2022-10-03', 8, 'delivered');
insert into orders (order_id, customer_id, product_id, order_date, quantity, delivery_status) values (32, 56, 37, '2022-08-01', 8, 'shipped');
insert into orders (order_id, customer_id, product_id, order_date, quantity, delivery_status) values (33, 49, 44, '2022-01-26', 10, 'processing');
insert into orders (order_id, customer_id, product_id, order_date, quantity, delivery_status) values (34, 49, 8, '2023-03-11', 4, 'shipped');
insert into orders (order_id, customer_id, product_id, order_date, quantity, delivery_status) values (35, 12, 75, '2022-05-30', 5, 'shipped');
insert into orders (order_id, customer_id, product_id, order_date, quantity, delivery_status) values (36, 26, 13, '2022-05-08', 9, 'processing');
insert into orders (order_id, customer_id, product_id, order_date, quantity, delivery_status) values (37, 8, 47, '2022-08-29', 1, 'delivered');
insert into orders (order_id, customer_id, product_id, order_date, quantity, delivery_status) values (38, 18, 19, '2022-11-14', 9, 'processing');
insert into orders (order_id, customer_id, product_id, order_date, quantity, delivery_status) values (39, 9, 51, '2023-04-08', 9, 'delivered');
insert into orders (order_id, customer_id, product_id, order_date, quantity, delivery_status) values (40, 50, 34, '2023-04-11', 1, 'delivered');
insert into orders (order_id, customer_id, product_id, order_date, quantity, delivery_status) values (41, 33, 7, '2022-12-07', 7, 'shipped');
insert into orders (order_id, customer_id, product_id, order_date, quantity, delivery_status) values (42, 37, 47, '2022-05-10', 3, 'shipped');
insert into orders (order_id, customer_id, product_id, order_date, quantity, delivery_status) values (43, 64, 58, '2023-04-23', 10, 'processing');
insert into orders (order_id, customer_id, product_id, order_date, quantity, delivery_status) values (44, 4, 11, '2022-10-13', 6, 'shipped');
insert into orders (order_id, customer_id, product_id, order_date, quantity, delivery_status) values (45, 43, 8, '2022-08-05', 2, 'processing');
insert into orders (order_id, customer_id, product_id, order_date, quantity, delivery_status) values (46, 8, 73, '2022-09-29', 9, 'shipped');
insert into orders (order_id, customer_id, product_id, order_date, quantity, delivery_status) values (47, 34, 23, '2023-06-15', 6, 'delivered');
insert into orders (order_id, customer_id, product_id, order_date, quantity, delivery_status) values (48, 22, 18, '2022-10-21', 4, 'shipped');
insert into orders (order_id, customer_id, product_id, order_date, quantity, delivery_status) values (49, 57, 71, '2022-07-12', 4, 'delivered');
insert into orders (order_id, customer_id, product_id, order_date, quantity, delivery_status) values (50, 56, 41, '2022-09-21', 5, 'delivered');
insert into orders (order_id, customer_id, product_id, order_date, quantity, delivery_status) values (51, 45, 5, '2023-02-20', 1, 'delivered');
insert into orders (order_id, customer_id, product_id, order_date, quantity, delivery_status) values (52, 61, 7, '2022-01-18', 3, 'delivered');
insert into orders (order_id, customer_id, product_id, order_date, quantity, delivery_status) values (53, 6, 78, '2022-07-22', 9, 'shipped');
insert into orders (order_id, customer_id, product_id, order_date, quantity, delivery_status) values (54, 45, 36, '2022-05-24', 6, 'shipped');
insert into orders (order_id, customer_id, product_id, order_date, quantity, delivery_status) values (55, 21, 5, '2022-11-16', 1, 'delivered');
insert into orders (order_id, customer_id, product_id, order_date, quantity, delivery_status) values (56, 30, 19, '2022-01-09', 5, 'shipped');
insert into orders (order_id, customer_id, product_id, order_date, quantity, delivery_status) values (57, 28, 2, '2022-03-27', 1, 'delivered');
insert into orders (order_id, customer_id, product_id, order_date, quantity, delivery_status) values (58, 20, 10, '2023-01-05', 9, 'processing');
insert into orders (order_id, customer_id, product_id, order_date, quantity, delivery_status) values (59, 54, 70, '2022-09-28', 5, 'shipped');
insert into orders (order_id, customer_id, product_id, order_date, quantity, delivery_status) values (60, 65, 72, '2023-06-23', 9, 'delivered');
insert into orders (order_id, customer_id, product_id, order_date, quantity, delivery_status) values (61, 38, 38, '2022-04-12', 5, 'processing');
insert into orders (order_id, customer_id, product_id, order_date, quantity, delivery_status) values (62, 64, 33, '2022-06-05', 7, 'delivered');
insert into orders (order_id, customer_id, product_id, order_date, quantity, delivery_status) values (63, 18, 17, '2022-12-26', 9, 'delivered');
insert into orders (order_id, customer_id, product_id, order_date, quantity, delivery_status) values (64, 8, 31, '2023-06-15', 6, 'delivered');
insert into orders (order_id, customer_id, product_id, order_date, quantity, delivery_status) values (65, 37, 52, '2022-09-29', 6, 'delivered');
insert into orders (order_id, customer_id, product_id, order_date, quantity, delivery_status) values (66, 3, 63, '2022-11-04', 1, 'delivered');
insert into orders (order_id, customer_id, product_id, order_date, quantity, delivery_status) values (67, 22, 12, '2023-04-05', 6, 'processing');
insert into orders (order_id, customer_id, product_id, order_date, quantity, delivery_status) values (68, 19, 47, '2022-02-26', 4, 'processing');
insert into orders (order_id, customer_id, product_id, order_date, quantity, delivery_status) values (69, 55, 5, '2022-05-30', 4, 'processing');
insert into orders (order_id, customer_id, product_id, order_date, quantity, delivery_status) values (70, 65, 28, '2023-03-16', 3, 'processing');
insert into orders (order_id, customer_id, product_id, order_date, quantity, delivery_status) values (71, 38, 64, '2023-06-15', 4, 'shipped');
insert into orders (order_id, customer_id, product_id, order_date, quantity, delivery_status) values (72, 36, 58, '2022-04-13', 5, 'delivered');
insert into orders (order_id, customer_id, product_id, order_date, quantity, delivery_status) values (73, 40, 24, '2023-05-31', 2, 'delivered');
insert into orders (order_id, customer_id, product_id, order_date, quantity, delivery_status) values (74, 45, 24, '2023-01-30', 9, 'shipped');
insert into orders (order_id, customer_id, product_id, order_date, quantity, delivery_status) values (75, 11, 49, '2022-02-01', 8, 'processing');
insert into orders (order_id, customer_id, product_id, order_date, quantity, delivery_status) values (76, 3, 23, '2022-08-29', 9, 'shipped');
insert into orders (order_id, customer_id, product_id, order_date, quantity, delivery_status) values (77, 34, 32, '2023-01-22', 10, 'delivered');
insert into orders (order_id, customer_id, product_id, order_date, quantity, delivery_status) values (78, 60, 67, '2022-10-04', 2, 'delivered');
insert into orders (order_id, customer_id, product_id, order_date, quantity, delivery_status) values (79, 62, 12, '2022-04-20', 2, 'delivered');
insert into orders (order_id, customer_id, product_id, order_date, quantity, delivery_status) values (80, 59, 46, '2023-06-13', 8, 'shipped');

Select * from orders;



-- Create Products table
CREATE TABLE Products (
    product_id SERIAL PRIMARY KEY,
    product_name VARCHAR(100) NOT NULL,
    description TEXT,
    product_category VARCHAR(50),
    unit_price DECIMAL(5, 2) NOT NULL
);
insert into products (product_id, product_name, description, product_category, unit_price) values (1, 'Dark Angel: Ascent, The', 'Open-architected attitude-oriented success', 'Horror|Romance', 10.71);
insert into products (product_id, product_name, description, product_category, unit_price) values (2, 'Black Widow', 'Enhanced bi-directional instruction set', 'Crime|Drama|Mystery|Thriller', 6.08);
insert into products (product_id, product_name, description, product_category, unit_price) values (3, 'Charlie and the Chocolate Factory', 'Robust object-oriented software', 'Adventure|Children|Comedy|Fantasy|IMAX', 9.05);
insert into products (product_id, product_name, description, product_category, unit_price) values (4, 'Broadway Idiot', 'Cross-platform 3rd generation info-mediaries', 'Documentary|Musical', 5.51);
insert into products (product_id, product_name, description, product_category, unit_price) values (5, 'Kicked in the Head', 'Multi-tiered content-based open architecture', 'Comedy|Drama', 7.45);
insert into products (product_id, product_name, description, product_category, unit_price) values (6, 'Live from Baghdad', 'Mandatory fault-tolerant projection', 'Drama|War', 7.4);
insert into products (product_id, product_name, description, product_category, unit_price) values (7, 'Whip and the Body, The (Frusta e il corpo, La)', 'Automated background matrices', 'Horror', 5.96);
insert into products (product_id, product_name, description, product_category, unit_price) values (8, 'Naked Gun 33 1/3: The Final Insult', 'User-friendly stable productivity', 'Action|Comedy', 6.2);
insert into products (product_id, product_name, description, product_category, unit_price) values (9, 'Love Me Tonight', 'Operative disintermediate alliance', 'Comedy|Musical', 10.84);
insert into products (product_id, product_name, description, product_category, unit_price) values (10, 'Corto Maltese in Siberia (Corto Maltese - La cour secrète des Arcanes)', 'Synergistic background customer loyalty', 'Adventure|Animation|Drama|Romance|War', 14.39);
insert into products (product_id, product_name, description, product_category, unit_price) values (11, 'Barcelona', 'User-centric methodical forecast', 'Comedy|Romance', 13.99);
insert into products (product_id, product_name, description, product_category, unit_price) values (12, 'A Life in Dirty Movies', 'Future-proofed 6th generation synergy', 'Documentary', 10.54);
insert into products (product_id, product_name, description, product_category, unit_price) values (13, 'This Is 40', 'Fundamental optimal access', 'Drama', 9.91);
insert into products (product_id, product_name, description, product_category, unit_price) values (14, 'Rocket Science', 'Advanced encompassing challenge', 'Comedy|Drama', 5.25);
insert into products (product_id, product_name, description, product_category, unit_price) values (15, 'As Tears Go By (Wong gok ka moon)', 'Profound secondary neural-net', 'Crime|Drama', 9.37);
insert into products (product_id, product_name, description, product_category, unit_price) values (16, 'Mean Girls 2', 'Mandatory 4th generation adapter', 'Comedy', 7.24);
insert into products (product_id, product_name, description, product_category, unit_price) values (17, 'Photographer (Fotoamator)', 'Cross-group zero administration frame', 'Documentary', 12.23);
insert into products (product_id, product_name, description, product_category, unit_price) values (18, 'The Man Who Lived Again', 'Organized transitional capacity', 'Horror|Sci-Fi', 12.41);
insert into products (product_id, product_name, description, product_category, unit_price) values (19, 'Prince of Persia: The Sands of Time', 'Managed real-time knowledge base', 'Action|Adventure|Fantasy|Romance|IMAX', 11.32);
insert into products (product_id, product_name, description, product_category, unit_price) values (20, 'About Face: Supermodels Then and Now', 'Innovative intangible knowledge base', 'Comedy|Documentary', 7.41);
insert into products (product_id, product_name, description, product_category, unit_price) values (21, 'In the Name of the Father', 'User-friendly attitude-oriented hub', 'Drama', 9.06);
insert into products (product_id, product_name, description, product_category, unit_price) values (22, 'Caramel (Sukkar banat)', 'Proactive dynamic pricing structure', 'Comedy', 10.1);
insert into products (product_id, product_name, description, product_category, unit_price) values (23, 'Rulers of the City', 'Inverse logistical methodology', 'Action|Comedy|Crime', 8.29);
insert into products (product_id, product_name, description, product_category, unit_price) values (24, 'Brothers O''Toole, The', 'Cross-group user-facing support', 'Comedy|Western', 8.65);
insert into products (product_id, product_name, description, product_category, unit_price) values (25, 'The Dancer', 'User-centric real-time intranet', 'Drama|Romance', 6.87);
insert into products (product_id, product_name, description, product_category, unit_price) values (26, 'Bronson', 'Face to face solution-oriented methodology', 'Action|Comedy|Drama|Thriller', 14.49);
insert into products (product_id, product_name, description, product_category, unit_price) values (27, 'Night Crossing', 'Secured content-based function', 'Drama', 9.89);
insert into products (product_id, product_name, description, product_category, unit_price) values (28, 'Some Kind of Hero', 'Persistent foreground task-force', 'Comedy|Drama', 6.32);
insert into products (product_id, product_name, description, product_category, unit_price) values (29, 'Report, The (Gozaresh)', 'Streamlined content-based policy', 'Drama', 7.32);
insert into products (product_id, product_name, description, product_category, unit_price) values (30, 'In the Mood For Love (Fa yeung nin wa)', 'Fundamental global approach', 'Drama|Romance', 10.79);
insert into products (product_id, product_name, description, product_category, unit_price) values (31, 'Face', 'Business-focused scalable task-force', 'Comedy', 11.47);
insert into products (product_id, product_name, description, product_category, unit_price) values (32, 'Holiday Inn', 'Horizontal radical model', 'Comedy|Musical', 9.21);
insert into products (product_id, product_name, description, product_category, unit_price) values (33, 'Fall of the Republic: The Presidency of Barack H. Obama', 'Assimilated fresh-thinking analyzer', 'Documentary', 14.32);
insert into products (product_id, product_name, description, product_category, unit_price) values (34, 'Che: Part Two', 'Public-key holistic knowledge user', 'Drama|War', 7.03);
insert into products (product_id, product_name, description, product_category, unit_price) values (35, 'Twilight Zone: The Movie', 'Devolved local database', 'Fantasy|Horror|Sci-Fi|Thriller', 11.26);
insert into products (product_id, product_name, description, product_category, unit_price) values (36, 'Stag', 'Implemented multimedia utilisation', 'Action|Thriller', 8.73);
insert into products (product_id, product_name, description, product_category, unit_price) values (37, 'Blue Steel', 'Centralized clear-thinking Graphical User Interface', 'Action|Thriller', 14.23);
insert into products (product_id, product_name, description, product_category, unit_price) values (38, 'Alex Cross', 'Re-contextualized full-range project', 'Action|Crime|Mystery|Thriller', 12.65);
insert into products (product_id, product_name, description, product_category, unit_price) values (39, 'Escort, The (Scorta, La)', 'Synergized well-modulated data-warehouse', 'Crime|Thriller', 5.29);
insert into products (product_id, product_name, description, product_category, unit_price) values (40, 'Godfather: Part II, The', 'Adaptive full-range projection', 'Crime|Drama', 14.77);
insert into products (product_id, product_name, description, product_category, unit_price) values (41, 'So It Goes (Korsoteoria)', 'Versatile directional toolset', 'Drama', 9.88);
insert into products (product_id, product_name, description, product_category, unit_price) values (42, 'Flying Home', 'Customizable 24/7 monitoring', 'Romance', 6.26);
insert into products (product_id, product_name, description, product_category, unit_price) values (43, '7500', 'Business-focused content-based artificial intelligence', 'Action|Horror|Mystery|Thriller', 10.79);
insert into products (product_id, product_name, description, product_category, unit_price) values (44, 'Sabretooth', 'Pre-emptive didactic concept', 'Action|Adventure|Horror|Sci-Fi|Thriller', 7.78);
insert into products (product_id, product_name, description, product_category, unit_price) values (45, 'Merchants of Doubt', 'Vision-oriented dedicated utilisation', 'Documentary', 8.82);
insert into products (product_id, product_name, description, product_category, unit_price) values (46, 'World War Z', 'Right-sized motivating conglomeration', 'Action|Drama|Horror|IMAX', 12.97);
insert into products (product_id, product_name, description, product_category, unit_price) values (47, 'First a Girl', 'Organized asynchronous intranet', 'Comedy|Musical', 13.43);
insert into products (product_id, product_name, description, product_category, unit_price) values (48, 'Cold Prey (Fritt Vilt)', 'Multi-channelled encompassing contingency', 'Action|Horror|Mystery|Thriller', 5.82);
insert into products (product_id, product_name, description, product_category, unit_price) values (49, 'Zhou Yu''s Train (Zhou Yu de huo che)', 'Multi-tiered uniform orchestration', 'Drama|Romance', 14.88);
insert into products (product_id, product_name, description, product_category, unit_price) values (50, 'Christopher Strong', 'Managed even-keeled pricing structure', 'Drama', 9.89);
insert into products (product_id, product_name, description, product_category, unit_price) values (51, 'We''ll Never Have Paris', 'Open-architected bifurcated customer loyalty', 'Comedy|Romance', 8.47);
insert into products (product_id, product_name, description, product_category, unit_price) values (52, 'Legally Blonde', 'Stand-alone discrete model', 'Comedy|Romance', 12.67);
insert into products (product_id, product_name, description, product_category, unit_price) values (53, 'Central Park Five, The', 'Balanced interactive neural-net', 'Documentary', 8.02);
insert into products (product_id, product_name, description, product_category, unit_price) values (54, 'Free the Nipple', 'Upgradable asymmetric knowledge base', 'Comedy|Drama', 10.96);
insert into products (product_id, product_name, description, product_category, unit_price) values (55, 'Love Meetings (Comizi d''amore)', 'Centralized mission-critical synergy', 'Documentary', 6.25);
insert into products (product_id, product_name, description, product_category, unit_price) values (56, 'Honeymoon in Vegas', 'Front-line 4th generation solution', 'Comedy|Romance', 12.55);
insert into products (product_id, product_name, description, product_category, unit_price) values (57, 'Count Dracula (Nachts, wenn Dracula erwacht)', 'Re-engineered non-volatile hub', 'Horror|Mystery', 7.17);
insert into products (product_id, product_name, description, product_category, unit_price) values (58, 'Looker', 'Self-enabling client-server strategy', 'Drama|Horror|Sci-Fi|Thriller', 10.93);
insert into products (product_id, product_name, description, product_category, unit_price) values (59, 'Puppet Master 5: The Final Chapter', 'Customizable neutral task-force', 'Horror|Sci-Fi|Thriller', 5.78);
insert into products (product_id, product_name, description, product_category, unit_price) values (60, 'Perfect Game, The', 'Optimized systemic access', 'Drama', 7.46);
insert into products (product_id, product_name, description, product_category, unit_price) values (61, '50 First Dates', 'Public-key disintermediate Graphic Interface', 'Comedy|Romance', 12.01);
insert into products (product_id, product_name, description, product_category, unit_price) values (62, 'Beyond the Law (Lain ulkopuolella)', 'Organic high-level process improvement', 'Crime|Drama|Thriller', 14.64);
insert into products (product_id, product_name, description, product_category, unit_price) values (63, 'Ip Man 2', 'Total 24/7 algorithm', 'Action', 9.87);
insert into products (product_id, product_name, description, product_category, unit_price) values (64, 'Bug', 'Reactive 24/7 alliance', 'Drama|Horror|Thriller', 7.65);
insert into products (product_id, product_name, description, product_category, unit_price) values (65, 'Eva (a.k.a. Eve)', 'Versatile zero administration service-desk', 'Drama', 11.32);
insert into products (product_id, product_name, description, product_category, unit_price) values (66, 'Crime and Punishment', 'Focused logistical orchestration', 'Drama', 5.58);
insert into products (product_id, product_name, description, product_category, unit_price) values (67, 'Big Picture, The', 'Cross-platform zero defect task-force', 'Comedy|Drama', 5.37);
insert into products (product_id, product_name, description, product_category, unit_price) values (68, 'Hireling, The', 'Synergized intermediate emulation', 'Drama', 8.69);
insert into products (product_id, product_name, description, product_category, unit_price) values (69, 'Wrong Turn 2: Dead End', 'Fundamental cohesive moderator', 'Action|Horror|Thriller', 13.42);
insert into products (product_id, product_name, description, product_category, unit_price) values (70, 'And God Created Woman', 'Extended next generation attitude', 'Comedy|Drama|Romance', 7.52);
insert into products (product_id, product_name, description, product_category, unit_price) values (71, 'Raising Arizona', 'Assimilated tertiary matrices', 'Comedy', 5.11);
insert into products (product_id, product_name, description, product_category, unit_price) values (72, 'It Happened Here', 'Ameliorated zero defect alliance', 'Drama|Fantasy|War', 8.23);
insert into products (product_id, product_name, description, product_category, unit_price) values (73, 'One Tough Cop', 'Streamlined web-enabled help-desk', 'Action|Crime', 6.85);
insert into products (product_id, product_name, description, product_category, unit_price) values (74, 'Magic', 'Ameliorated clear-thinking workforce', 'Drama|Horror|Romance|Thriller', 13.38);
insert into products (product_id, product_name, description, product_category, unit_price) values (75, 'Oversimplification of Her Beauty, An', 'Synchronised multimedia database', 'Animation|Comedy|Drama|Romance', 7.83);
insert into products (product_id, product_name, description, product_category, unit_price) values (76, 'Mistaken for Strangers', 'Seamless well-modulated concept', 'Comedy|Documentary', 7.94);
insert into products (product_id, product_name, description, product_category, unit_price) values (77, 'Onibi: The Fire Within', 'Exclusive analyzing solution', 'Drama|Thriller', 5.42);
insert into products (product_id, product_name, description, product_category, unit_price) values (78, 'Tetsuo, the Ironman (Tetsuo)', 'Centralized incremental pricing structure', 'Action|Horror|Sci-Fi|Thriller', 7.31);
insert into products (product_id, product_name, description, product_category, unit_price) values (79, 'Masterminds', 'Total coherent policy', 'Action|Comedy|Thriller', 14.99);
insert into products (product_id, product_name, description, product_category, unit_price) values (80, 'House by the Cemetery, The (Quella villa accanto al cimitero)', 'Enterprise-wide intermediate flexibility', 'Horror', 11.4);
insert into products (product_id, product_name, description, product_category, unit_price) values (81, 'Volver', 'Horizontal uniform success', 'Comedy|Drama', 10.15);
insert into products (product_id, product_name, description, product_category, unit_price) values (82, 'Maybe, Maybe Not (Bewegte Mann, Der)', 'Devolved foreground workforce', 'Comedy', 5.38);
insert into products (product_id, product_name, description, product_category, unit_price) values (83, 'Two Lovers', 'Synergized tangible challenge', 'Drama|Romance', 8.69);
insert into products (product_id, product_name, description, product_category, unit_price) values (84, 'Bent', 'Automated web-enabled info-mediaries', 'Drama|War', 14.21);
insert into products (product_id, product_name, description, product_category, unit_price) values (85, 'Scarecrow', 'Pre-emptive cohesive application', 'Drama', 11.35);
insert into products (product_id, product_name, description, product_category, unit_price) values (86, 'Anatahan', 'Progressive asymmetric emulation', 'Drama|War', 14.23);
insert into products (product_id, product_name, description, product_category, unit_price) values (87, 'The Party', 'Cross-group regional product', 'Drama', 11.16);
insert into products (product_id, product_name, description, product_category, unit_price) values (88, 'FLCL', 'Total 5th generation leverage', 'Animation|Comedy|Fantasy|Sci-Fi', 9.26);
insert into products (product_id, product_name, description, product_category, unit_price) values (89, 'My Blueberry Nights', 'Multi-tiered bottom-line paradigm', 'Drama|Romance', 9.52);
insert into products (product_id, product_name, description, product_category, unit_price) values (90, 'Phase 7', 'Exclusive web-enabled open architecture', 'Comedy|Sci-Fi|Thriller', 5.63);
insert into products (product_id, product_name, description, product_category, unit_price) values (91, 'Giger''s Necronomicon', 'Front-line discrete challenge', 'Documentary', 8.5);
insert into products (product_id, product_name, description, product_category, unit_price) values (92, 'Happy End', 'Customer-focused client-server projection', 'Comedy', 14.19);
insert into products (product_id, product_name, description, product_category, unit_price) values (93, 'Love That Boy', 'Inverse radical synergy', 'Comedy|Romance', 5.64);
insert into products (product_id, product_name, description, product_category, unit_price) values (94, 'Night Crossing', 'Switchable 4th generation help-desk', 'Drama', 7.14);
insert into products (product_id, product_name, description, product_category, unit_price) values (95, 'One Good Cop', 'Cross-platform logistical methodology', 'Action|Crime|Drama', 9.28);
insert into products (product_id, product_name, description, product_category, unit_price) values (96, 'Pride of the Yankees, The', 'Decentralized high-level projection', 'Drama', 13.48);
insert into products (product_id, product_name, description, product_category, unit_price) values (97, 'The Adventure of Faustus Bidgood', 'Team-oriented multimedia toolset', 'Comedy', 5.58);
insert into products (product_id, product_name, description, product_category, unit_price) values (98, 'Holiday Wishes', 'Quality-focused regional architecture', 'Children|Comedy|Drama', 11.93);
insert into products (product_id, product_name, description, product_category, unit_price) values (99, 'My Life in Ruins', 'Reduced composite neural-net', 'Comedy', 7.97);
insert into products (product_id, product_name, description, product_category, unit_price) values (100, 'Tora-san Our Lovable Tramp (Otoko wa tsurai yo)', 'Enhanced mobile knowledge user', 'Comedy|Drama|Romance', 12.03);
insert into products (product_id, product_name, description, product_category, unit_price) values (101, 'Phantom, The', 'Re-engineered non-volatile adapter', 'Action|Adventure', 5.88);
insert into products (product_id, product_name, description, product_category, unit_price) values (102, 'Death King, The (Der Todesking)', 'Synergistic bi-directional circuit', 'Drama|Horror', 12.04);
insert into products (product_id, product_name, description, product_category, unit_price) values (103, 'Braveheart', 'Switchable analyzing utilisation', 'Action|Drama|War', 13.31);
insert into products (product_id, product_name, description, product_category, unit_price) values (104, 'How Tasty Was My Little Frenchman (Como Era Gostoso o Meu Francês)', 'Managed clear-thinking hardware', 'Comedy|Drama', 14.58);
insert into products (product_id, product_name, description, product_category, unit_price) values (105, 'How to Survive a Plague', 'Programmable national emulation', 'Documentary', 12.47);
insert into products (product_id, product_name, description, product_category, unit_price) values (106, 'Morgan Pålsson - världsreporter', 'Adaptive heuristic service-desk', 'Action|Comedy', 11.82);
insert into products (product_id, product_name, description, product_category, unit_price) values (107, 'Last Exit to Brooklyn', 'Devolved explicit workforce', 'Drama', 5.86);
insert into products (product_id, product_name, description, product_category, unit_price) values (108, 'M*A*S*H (a.k.a. MASH)', 'Reactive content-based orchestration', 'Comedy|Drama|War', 7.91);
insert into products (product_id, product_name, description, product_category, unit_price) values (109, 'Garden, The', 'Diverse asynchronous circuit', 'Drama', 5.01);
insert into products (product_id, product_name, description, product_category, unit_price) values (110, 'Girl with the Dragon Tattoo, The', 'Programmable cohesive hub', 'Drama|Thriller', 6.88);
insert into products (product_id, product_name, description, product_category, unit_price) values (111, 'Just Add Water', 'Customizable value-added structure', 'Comedy|Romance', 7.86);
insert into products (product_id, product_name, description, product_category, unit_price) values (112, 'Nine Ways to Approach Helsinki (Yhdeksän tapaa lähestyä Helsinkiä)', 'Switchable fresh-thinking paradigm', 'Documentary', 9.4);
insert into products (product_id, product_name, description, product_category, unit_price) values (113, 'Men in the City (Männerherzen)', 'Virtual directional superstructure', 'Comedy', 7.71);
insert into products (product_id, product_name, description, product_category, unit_price) values (114, 'Color of Pomegranates, The (Sayat Nova)', 'Fully-configurable logistical moratorium', 'Drama', 10.84);
insert into products (product_id, product_name, description, product_category, unit_price) values (115, 'Me tulemme taas', 'Extended bottom-line secured line', 'Comedy|Musical', 7.35);
insert into products (product_id, product_name, description, product_category, unit_price) values (116, 'Attack of the 50ft Cheerleader', 'Self-enabling fresh-thinking model', 'Comedy', 14.49);
insert into products (product_id, product_name, description, product_category, unit_price) values (117, 'Hebrew Hammer, The', 'Upgradable holistic challenge', 'Comedy', 5.53);
insert into products (product_id, product_name, description, product_category, unit_price) values (118, 'City on Fire (Lung fu fong wan)', 'Up-sized bifurcated challenge', 'Action|Crime|Drama|Thriller', 12.02);
insert into products (product_id, product_name, description, product_category, unit_price) values (119, 'Going to Kansas City', 'Inverse system-worthy project', 'Drama|Romance|Thriller', 14.47);
insert into products (product_id, product_name, description, product_category, unit_price) values (120, 'Wet Hot American Summer', 'Front-line bi-directional framework', 'Comedy', 6.26);
insert into products (product_id, product_name, description, product_category, unit_price) values (121, 'Escort, The (Scorta, La)', 'Polarised systematic secured line', 'Crime|Thriller', 9.84);
insert into products (product_id, product_name, description, product_category, unit_price) values (122, 'The Inner Circle', 'Innovative 3rd generation ability', 'Drama', 9.22);
insert into products (product_id, product_name, description, product_category, unit_price) values (123, 'Siberian Education (Educazione siberiana)', 'User-centric homogeneous time-frame', 'Drama', 14.75);
insert into products (product_id, product_name, description, product_category, unit_price) values (124, 'London', 'Open-architected exuding secured line', 'Drama', 14.34);
insert into products (product_id, product_name, description, product_category, unit_price) values (125, 'Route 666', 'Implemented 6th generation array', 'Action|Horror|Thriller', 13.26);
insert into products (product_id, product_name, description, product_category, unit_price) values (126, 'Mysterious Skin', 'Upgradable high-level product', 'Drama|Mystery', 10.29);
insert into products (product_id, product_name, description, product_category, unit_price) values (127, 'Holy Flying Circus', 'Streamlined 5th generation encryption', 'Comedy|Drama', 14.77);
insert into products (product_id, product_name, description, product_category, unit_price) values (128, 'Night Train To Lisbon', 'Customizable static task-force', 'Mystery|Romance|Thriller', 13.95);
insert into products (product_id, product_name, description, product_category, unit_price) values (129, 'Closing the Ring', 'User-centric empowering internet solution', 'Drama|Romance', 13.81);
insert into products (product_id, product_name, description, product_category, unit_price) values (130, 'Dorado, El', 'Devolved regional open architecture', 'Drama', 6.63);
insert into products (product_id, product_name, description, product_category, unit_price) values (131, 'Pocketful of Miracles', 'Pre-emptive motivating hub', 'Comedy|Drama', 9.04);
insert into products (product_id, product_name, description, product_category, unit_price) values (132, 'Gretchen the Greenhorn', 'Face to face content-based moratorium', 'Crime|Drama|Romance', 11.39);
insert into products (product_id, product_name, description, product_category, unit_price) values (133, 'Forger, The', 'Down-sized neutral intranet', 'Drama', 6.76);
insert into products (product_id, product_name, description, product_category, unit_price) values (134, 'Soviet Story, The', 'Enterprise-wide reciprocal instruction set', 'Documentary', 12.88);
insert into products (product_id, product_name, description, product_category, unit_price) values (135, 'Angel''s Leap', 'Future-proofed next generation utilisation', 'Crime', 10.44);
insert into products (product_id, product_name, description, product_category, unit_price) values (136, 'Return of Don Camillo, The (Retour de Don Camillo, Le)', 'Cloned didactic matrix', 'Comedy', 5.67);
insert into products (product_id, product_name, description, product_category, unit_price) values (137, 'Invincible', 'Integrated even-keeled process improvement', 'Drama', 14.49);
insert into products (product_id, product_name, description, product_category, unit_price) values (138, 'Get Rich or Die Tryin''', 'Profit-focused dynamic moderator', 'Action|Crime|Drama', 7.71);
insert into products (product_id, product_name, description, product_category, unit_price) values (139, 'Young Tom Edison', 'Right-sized non-volatile service-desk', 'Drama', 11.88);
insert into products (product_id, product_name, description, product_category, unit_price) values (140, 'Calloused Hands', 'Face to face client-driven emulation', 'Drama', 8.54);
insert into products (product_id, product_name, description, product_category, unit_price) values (141, 'Angel''s Leap', 'Multi-tiered clear-thinking instruction set', 'Crime', 5.84);
insert into products (product_id, product_name, description, product_category, unit_price) values (142, 'Letter for the King, The (Brief voor de koning, De)', 'Optimized cohesive capability', 'Adventure', 11.94);
insert into products (product_id, product_name, description, product_category, unit_price) values (143, 'Is It Easy to be Young?', 'Enhanced 6th generation project', 'Documentary|Drama', 14.72);
insert into products (product_id, product_name, description, product_category, unit_price) values (144, 'BBOY for LIFE', 'Re-engineered tangible solution', 'Adventure|Crime|Documentary|Drama', 5.9);
insert into products (product_id, product_name, description, product_category, unit_price) values (145, 'Joan of Paris', 'Sharable reciprocal flexibility', 'Drama|Romance|War', 13.72);
insert into products (product_id, product_name, description, product_category, unit_price) values (146, 'Bird on a Wire', 'Universal static help-desk', 'Action|Comedy|Romance', 10.19);
insert into products (product_id, product_name, description, product_category, unit_price) values (147, 'We''re the Millers', 'Horizontal bi-directional task-force', 'Comedy|Crime', 6.45);
insert into products (product_id, product_name, description, product_category, unit_price) values (148, 'Retro Puppet Master (Puppet Master 7)', 'Synergized neutral concept', 'Horror|Sci-Fi|Thriller', 5.16);
insert into products (product_id, product_name, description, product_category, unit_price) values (149, 'The Voices', 'Persistent systematic parallelism', 'Comedy|Crime|Thriller', 10.16);
insert into products (product_id, product_name, description, product_category, unit_price) values (150, 'Dial M for Murder', 'Re-engineered maximized definition', 'Crime|Mystery|Thriller', 14.59);
insert into products (product_id, product_name, description, product_category, unit_price) values (151, 'Mr. Untouchable', 'Vision-oriented non-volatile secured line', 'Crime|Documentary', 8.38);
insert into products (product_id, product_name, description, product_category, unit_price) values (152, 'Transformers: Age of Extinction', 'Decentralized intermediate projection', 'Action|Adventure|Sci-Fi', 8.58);
insert into products (product_id, product_name, description, product_category, unit_price) values (153, 'Jim Jefferies: Fully Functional (EPIX)', 'De-engineered 4th generation protocol', 'Comedy', 10.41);
insert into products (product_id, product_name, description, product_category, unit_price) values (154, 'Dead End', 'Visionary bandwidth-monitored internet solution', 'Crime|Drama', 11.21);
insert into products (product_id, product_name, description, product_category, unit_price) values (155, 'Sholay', 'Re-contextualized foreground extranet', 'Action|Adventure|Comedy|Musical|Romance|Thriller', 10.84);
insert into products (product_id, product_name, description, product_category, unit_price) values (156, 'Enough Said', 'Universal tertiary forecast', 'Comedy|Drama|Romance', 8.27);
insert into products (product_id, product_name, description, product_category, unit_price) values (157, 'Umbrellas of Cherbourg, The (Parapluies de Cherbourg, Les)', 'Digitized responsive secured line', 'Drama|Musical|Romance', 8.22);
insert into products (product_id, product_name, description, product_category, unit_price) values (158, 'Tell Them Anything You Want: A Portrait of Maurice Sendak', 'User-friendly empowering architecture', 'Documentary', 9.15);
insert into products (product_id, product_name, description, product_category, unit_price) values (159, 'Sugar & Spice', 'Balanced actuating array', 'Comedy', 11.71);
insert into products (product_id, product_name, description, product_category, unit_price) values (160, 'DOA: Dead or Alive', 'Focused fresh-thinking moderator', 'Action|Adventure', 13.47);
insert into products (product_id, product_name, description, product_category, unit_price) values (161, 'Abbott and Costello Go to Mars', 'Configurable radical orchestration', 'Comedy|Sci-Fi', 12.91);
insert into products (product_id, product_name, description, product_category, unit_price) values (162, 'Grey Gardens', 'Horizontal composite approach', 'Documentary', 8.16);
insert into products (product_id, product_name, description, product_category, unit_price) values (163, 'Pill, The', 'Universal motivating challenge', 'Comedy|Drama|Romance', 14.69);
insert into products (product_id, product_name, description, product_category, unit_price) values (164, 'Zero Hour!', 'Universal intangible functionalities', 'Drama|Thriller', 11.4);
insert into products (product_id, product_name, description, product_category, unit_price) values (165, 'The Big Shave', 'Focused explicit data-warehouse', 'Drama|Horror', 10.55);
insert into products (product_id, product_name, description, product_category, unit_price) values (166, 'Closer to the Moon', 'Sharable dedicated service-desk', 'Comedy|Drama', 12.87);
insert into products (product_id, product_name, description, product_category, unit_price) values (167, 'Coach Carter', 'Optimized tertiary process improvement', 'Drama', 10.62);
insert into products (product_id, product_name, description, product_category, unit_price) values (168, 'Secret Garden, The', 'De-engineered modular adapter', 'Children|Drama', 12.49);
insert into products (product_id, product_name, description, product_category, unit_price) values (169, 'Dyatlov Pass Incident, The (Devil''s Pass)', 'Polarised dynamic methodology', 'Mystery|Thriller', 10.04);
insert into products (product_id, product_name, description, product_category, unit_price) values (170, 'Dogfight', 'Expanded motivating customer loyalty', 'Drama|Romance', 11.82);
insert into products (product_id, product_name, description, product_category, unit_price) values (171, 'Girl, The (Flickan)', 'Front-line object-oriented frame', 'Drama', 10.77);
insert into products (product_id, product_name, description, product_category, unit_price) values (172, 'Bloodsuckers', 'Inverse didactic secured line', 'Action|Horror|Sci-Fi', 14.42);
insert into products (product_id, product_name, description, product_category, unit_price) values (173, 'Lovers and Other Strangers', 'Decentralized encompassing internet solution', 'Comedy', 11.39);
insert into products (product_id, product_name, description, product_category, unit_price) values (174, 'Giant Gila Monster, The', 'Multi-tiered discrete architecture', 'Horror|Sci-Fi', 10.52);
insert into products (product_id, product_name, description, product_category, unit_price) values (175, 'King Boxer: Five Fingers of Death (Tian xia di yi quan)', 'Multi-lateral 24 hour structure', 'Action|Drama|Romance', 6.79);
insert into products (product_id, product_name, description, product_category, unit_price) values (176, 'Blue Ruin', 'Profit-focused even-keeled solution', 'Thriller', 8.38);
insert into products (product_id, product_name, description, product_category, unit_price) values (177, 'Wirey Spindell', 'Networked multi-tasking software', 'Comedy', 7.97);
insert into products (product_id, product_name, description, product_category, unit_price) values (178, 'Redirected', 'Customer-focused actuating system engine', 'Action|Comedy|Crime', 11.03);
insert into products (product_id, product_name, description, product_category, unit_price) values (179, 'Battle of the Bulge', 'Enhanced next generation framework', 'Action|Drama|War', 9.11);
insert into products (product_id, product_name, description, product_category, unit_price) values (180, 'Ankur (The Seedling)', 'Open-architected contextually-based local area network', 'Drama', 5.14);
insert into products (product_id, product_name, description, product_category, unit_price) values (181, 'Man Next Door, The (El hombre de al lado)', 'Networked human-resource local area network', 'Drama', 5.28);
insert into products (product_id, product_name, description, product_category, unit_price) values (182, 'Muppet Christmas: Letters to Santa, A', 'Open-architected asymmetric contingency', 'Children|Comedy', 8.48);
insert into products (product_id, product_name, description, product_category, unit_price) values (183, 'Triggermen', 'Optional stable attitude', 'Comedy|Crime', 10.52);
insert into products (product_id, product_name, description, product_category, unit_price) values (184, 'Played', 'Front-line explicit productivity', 'Crime|Thriller', 13.54);
insert into products (product_id, product_name, description, product_category, unit_price) values (185, 'Nightmare Castle (Amanti d''oltretomba) (Lovers from Beyond the Tomb) (Faceless Monster, The)', 'Streamlined real-time orchestration', 'Horror', 5.22);
insert into products (product_id, product_name, description, product_category, unit_price) values (186, 'Hell and Back Again', 'Expanded executive challenge', 'Documentary|Drama|War', 7.06);
insert into products (product_id, product_name, description, product_category, unit_price) values (187, 'Space Amoeba (Yog: Monster from Space)', 'Virtual regional benchmark', 'Action|Sci-Fi', 7.64);
insert into products (product_id, product_name, description, product_category, unit_price) values (188, 'S.W.A.T.: Firefight', 'Team-oriented bottom-line challenge', 'Action|Crime|Thriller', 5.54);
insert into products (product_id, product_name, description, product_category, unit_price) values (189, 'Crawling Hand, The', 'Multi-tiered 4th generation intranet', 'Horror|Sci-Fi', 14.05);
insert into products (product_id, product_name, description, product_category, unit_price) values (190, 'Milky Way, The (Voie lactée, La)', 'Triple-buffered stable knowledge base', 'Comedy|Drama', 9.64);
insert into products (product_id, product_name, description, product_category, unit_price) values (191, 'Viva Cuba', 'Devolved grid-enabled neural-net', 'Comedy|Drama', 7.61);
insert into products (product_id, product_name, description, product_category, unit_price) values (192, 'Gacy', 'User-centric heuristic array', 'Crime|Drama|Horror|Thriller', 12.45);
insert into products (product_id, product_name, description, product_category, unit_price) values (193, 'Kevin Hart: Seriously Funny', 'Fully-configurable motivating policy', 'Comedy', 10.91);
insert into products (product_id, product_name, description, product_category, unit_price) values (194, 'Hexed', 'Switchable client-server matrices', 'Comedy', 9.36);
insert into products (product_id, product_name, description, product_category, unit_price) values (195, 'Winged Creatures (Fragments)', 'Profit-focused background model', 'Crime|Drama', 14.14);
insert into products (product_id, product_name, description, product_category, unit_price) values (196, 'Dames du Bois de Boulogne, Les (Ladies of the Bois de Boulogne, The) (Ladies of the Park)', 'Synchronised secondary standardization', 'Drama|Romance', 12.53);
insert into products (product_id, product_name, description, product_category, unit_price) values (197, 'The Violent Professionals', 'Centralized human-resource extranet', 'Crime|Drama', 12.21);
insert into products (product_id, product_name, description, product_category, unit_price) values (198, 'American Madness', 'Distributed client-server collaboration', 'Drama', 6.38);
insert into products (product_id, product_name, description, product_category, unit_price) values (199, 'Ernest Goes to Africa', 'Operative composite infrastructure', 'Comedy', 12.46);
insert into products (product_id, product_name, description, product_category, unit_price) values (200, 'Cream Lemon (Kurîmu remon)', 'Multi-channelled real-time knowledge user', 'Comedy|Drama', 7.54);
Select*from products;

-- Create Payments table
CREATE TABLE Payments (
    payment_id SERIAL PRIMARY KEY,
    order_id INT NOT NULL,
    payment_date DATE NOT NULL,
    Foreign key (order_id) REFERENCES Orders(order_id));

insert into payments (payment_id, order_id, payment_date) values (1, 37, '2022-05-13');
insert into payments (payment_id, order_id, payment_date) values (2, 2, '2022-04-30');
insert into payments (payment_id, order_id, payment_date) values (3, 2, '2023-01-16');
insert into payments (payment_id, order_id, payment_date) values (4, 4, '2022-01-08');
insert into payments (payment_id, order_id, payment_date) values (5, 12, '2022-08-20');
insert into payments (payment_id, order_id, payment_date) values (6, 47, '2022-07-05');
insert into payments (payment_id, order_id, payment_date) values (7, 12, '2022-01-16');
insert into payments (payment_id, order_id, payment_date) values (8, 41, '2022-06-11');
insert into payments (payment_id, order_id, payment_date) values (9, 17, '2022-12-06');
insert into payments (payment_id, order_id, payment_date) values (10, 22, '2022-09-26');
insert into payments (payment_id, order_id, payment_date) values (11, 22, '2022-03-28');
insert into payments (payment_id, order_id, payment_date) values (12, 30, '2023-02-14');
insert into payments (payment_id, order_id, payment_date) values (13, 22, '2022-05-17');
insert into payments (payment_id, order_id, payment_date) values (14, 2, '2022-09-27');
insert into payments (payment_id, order_id, payment_date) values (15, 5, '2022-01-06');
insert into payments (payment_id, order_id, payment_date) values (16, 45, '2022-02-20');
insert into payments (payment_id, order_id, payment_date) values (17, 8, '2022-01-15');
insert into payments (payment_id, order_id, payment_date) values (18, 47, '2022-03-24');
insert into payments (payment_id, order_id, payment_date) values (19, 17, '2022-03-14');
insert into payments (payment_id, order_id, payment_date) values (20, 15, '2023-01-04');
insert into payments (payment_id, order_id, payment_date) values (21, 14, '2022-05-08');
insert into payments (payment_id, order_id, payment_date) values (22, 4, '2023-03-09');
insert into payments (payment_id, order_id, payment_date) values (23, 49, '2022-06-24');
insert into payments (payment_id, order_id, payment_date) values (24, 36, '2022-07-31');
insert into payments (payment_id, order_id, payment_date) values (25, 15, '2022-03-06');
insert into payments (payment_id, order_id, payment_date) values (26, 16, '2023-06-22');
insert into payments (payment_id, order_id, payment_date) values (27, 11, '2022-02-05');
insert into payments (payment_id, order_id, payment_date) values (28, 20, '2022-01-13');
insert into payments (payment_id, order_id, payment_date) values (29, 50, '2023-06-18');
insert into payments (payment_id, order_id, payment_date) values (30, 28, '2022-07-15');
insert into payments (payment_id, order_id, payment_date) values (31, 29, '2022-01-16');
insert into payments (payment_id, order_id, payment_date) values (32, 21, '2023-02-10');
insert into payments (payment_id, order_id, payment_date) values (33, 12, '2022-07-05');
insert into payments (payment_id, order_id, payment_date) values (34, 33, '2022-04-03');
insert into payments (payment_id, order_id, payment_date) values (35, 1, '2022-07-17');
insert into payments (payment_id, order_id, payment_date) values (36, 26, '2022-07-10');
insert into payments (payment_id, order_id, payment_date) values (37, 48, '2023-01-27');
insert into payments (payment_id, order_id, payment_date) values (38, 9, '2023-04-25');
insert into payments (payment_id, order_id, payment_date) values (39, 45, '2022-11-22');
insert into payments (payment_id, order_id, payment_date) values (40, 40, '2022-06-21');
insert into payments (payment_id, order_id, payment_date) values (41, 43, '2022-05-24');
insert into payments (payment_id, order_id, payment_date) values (42, 37, '2022-04-14');
insert into payments (payment_id, order_id, payment_date) values (43, 10, '2022-03-17');
insert into payments (payment_id, order_id, payment_date) values (44, 17, '2022-07-23');
insert into payments (payment_id, order_id, payment_date) values (45, 12, '2022-09-27');
insert into payments (payment_id, order_id, payment_date) values (46, 25, '2022-07-16');
insert into payments (payment_id, order_id, payment_date) values (47, 25, '2022-10-12');
insert into payments (payment_id, order_id, payment_date) values (48, 7, '2023-04-05');
insert into payments (payment_id, order_id, payment_date) values (49, 48, '2022-05-27');
insert into payments (payment_id, order_id, payment_date) values (50, 34, '2022-04-29');
insert into payments (payment_id, order_id, payment_date) values (51, 48, '2022-11-14');
insert into payments (payment_id, order_id, payment_date) values (52, 11, '2022-10-22');
insert into payments (payment_id, order_id, payment_date) values (53, 12, '2022-08-28');
insert into payments (payment_id, order_id, payment_date) values (54, 28, '2023-01-17');
insert into payments (payment_id, order_id, payment_date) values (55, 39, '2022-04-15');
insert into payments (payment_id, order_id, payment_date) values (56, 3, '2023-01-24');
insert into payments (payment_id, order_id, payment_date) values (57, 41, '2022-10-23');
insert into payments (payment_id, order_id, payment_date) values (58, 27, '2022-12-29');
insert into payments (payment_id, order_id, payment_date) values (59, 20, '2022-07-23');
insert into payments (payment_id, order_id, payment_date) values (60, 20, '2022-12-04');
insert into payments (payment_id, order_id, payment_date) values (61, 39, '2022-01-09');
insert into payments (payment_id, order_id, payment_date) values (62, 32, '2023-02-17');
insert into payments (payment_id, order_id, payment_date) values (63, 35, '2022-06-16');
insert into payments (payment_id, order_id, payment_date) values (64, 44, '2023-05-15');
insert into payments (payment_id, order_id, payment_date) values (65, 28, '2023-03-24');
insert into payments (payment_id, order_id, payment_date) values (66, 34, '2023-06-21');
insert into payments (payment_id, order_id, payment_date) values (67, 4, '2023-05-01');
insert into payments (payment_id, order_id, payment_date) values (68, 26, '2023-01-26');
insert into payments (payment_id, order_id, payment_date) values (69, 50, '2023-03-10');
insert into payments (payment_id, order_id, payment_date) values (70, 17, '2022-03-11');
insert into payments (payment_id, order_id, payment_date) values (71, 43, '2023-01-29');
insert into payments (payment_id, order_id, payment_date) values (72, 4, '2022-05-25');
insert into payments (payment_id, order_id, payment_date) values (73, 43, '2022-04-22');
insert into payments (payment_id, order_id, payment_date) values (74, 20, '2023-03-09');
insert into payments (payment_id, order_id, payment_date) values (75, 4, '2023-04-04');
insert into payments (payment_id, order_id, payment_date) values (76, 8, '2023-05-22');
insert into payments (payment_id, order_id, payment_date) values (77, 22, '2022-06-10');
insert into payments (payment_id, order_id, payment_date) values (78, 47, '2022-12-09');
insert into payments (payment_id, order_id, payment_date) values (79, 26, '2022-07-29');
insert into payments (payment_id, order_id, payment_date) values (80, 25, '2023-03-30');
Select * from payments;
